{
    "recall@1": 0.3554646580535741,
    "recall@3": 0.5706589514640594,
    "recall@10": 0.7535292063650422,
    "mrr": 0.4827509915191363
}